"id","category","image","title","description","location","year"
"2731","Bathrooms","https://media.joomeo.com/large/68a45e070df89.jpg",,,"Nairobi, Kenya","2020"
"2732","Bathrooms","https://media.joomeo.com/large/68a45e83e550f.jpg",,,"Nairobi, Kenya","2025"
"2733","Bathrooms","https://media.joomeo.com/large/68a45e9fceb8e.jpg",,,"Nairobi, Kenya","2025"
"2734","Bathrooms","https://media.joomeo.com/large/68a45f36d7391.jpg",,,"Nairobi, Kenya","2025"
"2735","Bathrooms","https://media.joomeo.com/large/68a45f706071a.jpg",,,"Nairobi, Kenya","2025"
"2736","Bathrooms","https://media.joomeo.com/large/68a45fd69d9c5.jpg",,,"Nairobi, Kenya","2025"
"2737","Doors & Door Frames","https://media.joomeo.com/large/68a46155c0810.jpg",,,"Nairobi, Kenya","2025"
"2738","Doors & Door Frames","https://media.joomeo.com/large/68a4618e4598e.jpg",,,"Nairobi, Kenya","2025"
"2739","Doors & Door Frames","https://media.joomeo.com/large/68a461a7799e3.jpg",,,"Nairobi, Kenya","2025"
"2740","Doors & Door Frames","https://media.joomeo.com/large/68a472e804a0d.jpg",,,"Nairobi, Kenya","2023"
"2749","Floors & Ceilings","https://media.joomeo.com/large/68a45dc78a8c9.jpg",,,"Nairobi, Kenya","2020"
"2750","Floors & Ceilings","https://media.joomeo.com/large/68a45f5032f92.jpg",,,"Nairobi, Kenya","2021"
"2751","Floors & Ceilings","https://media.joomeo.com/large/68a45e40c3de8.jpg",,,"Nairobi, Kenya","2022"
"2752","Floors & Ceilings","https://media.joomeo.com/large/68a45f90b27a5.jpg",,,"Nairobi, Kenya","2023"
"2753","Floors & Ceilings","https://media.joomeo.com/large/68a4609caa1c5.jpg",,,"Nairobi, Kenya","2024"
"2754","Floors & Ceilings","https://media.joomeo.com/large/68a460b84cd00.jpg",,,"Nairobi, Kenya","2020"
"2765","Gazebo, Gypsum & Painting","https://i.postimg.cc/SK7yVJYD/2000-61e54d6f04ca9-750x499.jpg",,,"Nairobi, Kenya","2021"
"2778","Kitchens","https://media.joomeo.com/large/68a460ea0fb0c.jpg",,,"Nairobi, Kenya","2020"
"2779","Kitchens","https://media.joomeo.com/large/68a4611b72a6f.jpg",,,"Nairobi, Kenya","2021"
"2780","Kitchens","https://media.joomeo.com/large/68a4612d1f1d6.jpg",,,"Nairobi, Kenya","2022"
"2781","Kitchens","https://media.joomeo.com/large/68a46141800eb.jpg",,,"Nairobi, Kenya","2023"
"2782","Kitchens","https://media.joomeo.com/large/68a4617557c85.jpg",,,"Nairobi, Kenya","2024"
"2836","Office Desks","https://i.postimg.cc/fTBq7Zbm/2000-61d4a47edf99e-719x499-jpg.jpg",,,"Nairobi, Kenya","2020"
"2837","Office Desks","https://i.postimg.cc/kXnhtD77/2000-61d4a4af4205f-300x196-jpg.jpg",,,"Nairobi, Kenya","2021"
"2838","Office Desks","https://i.postimg.cc/8zYy3HMC/2000-61d4a4af4205f-jpg.jpg",,,"Nairobi, Kenya","2022"
"2839","Office Desks","https://i.postimg.cc/6pqjYS7S/Whats-App-Image-2024-03-11-at-12-40-32-PM-19-750x499.jpg",,,"Nairobi, Kenya","2023"
"2840","Office Desks","https://i.postimg.cc/9fqxj7YY/Whats-App-Image-2024-03-11-at-12-40-32-PM-20-750x499.jpg",,,"Nairobi, Kenya","2024"
"2845","Stairs","https://media.joomeo.com/large/68a45b4802e53.jpg",,,"Nairobi, Kenya","2022"
"2846","Stairs","https://media.joomeo.com/large/68a45f1dcef33.jpg",,,"Nairobi, Kenya","2023"
"2847","Stairs","https://i.postimg.cc/X7JpJcB3/2000-61d88faa42f34-750x499-jpg.jpg",,,"Nairobi, Kenya","2024"
"2855","Wardrobes","https://media.joomeo.com/large/68a45d6183229.jpg",,,"Nairobi, Kenya","2020"
"2856","Wardrobes","https://media.joomeo.com/large/68a45ebd48e1a.jpg",,,"Nairobi, Kenya","2021"
"2857","Wardrobes","https://media.joomeo.com/large/68a45efb2e0a6.jpg",,,"Nairobi, Kenya","2022"
"2858","Wardrobes","https://media.joomeo.com/large/68a45fbdb79f2.jpg",,,"Nairobi, Kenya","2023"
"2859","Wardrobes","https://media.joomeo.com/large/68a45ff945036.jpg",,,"Nairobi, Kenya","2024"
"2860","Wardrobes","https://media.joomeo.com/large/68a460175b030.jpg",,,"Nairobi, Kenya","2020"
"2876","Bathrooms","https://media.joomeo.com/large/68a4604c0aa25.jpg",,,"Kenya","2025"
"2946","Doors & Door Frames","https://media.joomeo.com/large/68a810d9967bb.jpg",,,"Nairobi, Kenya","2025"
"2947","Doors & Door Frames","https://media.joomeo.com/large/68a810ea01147.jpg",,,"Nairobi, Kenya","2025"
"2948","Doors & Door Frames","https://media.joomeo.com/large/68a811143114a.jpg",,,"Nairobi, Kenya","2025"
"2949","Doors & Door Frames","https://media.joomeo.com/large/68a8112cc6894.jpg",,,"Nairobi, Kenya","2025"
"2950","Doors & Door Frames","https://media.joomeo.com/large/68a81138bbc85.jpg",,,"Nairobi, Kenya","2025"
"2951","Wardrobes","https://media.joomeo.com/large/68a8135119335.jpg",,,"Nairobi, Kenya","2025"
"2952","Wardrobes","https://media.joomeo.com/large/68a813686a1ef.jpg",,,"Nairobi, Kenya","2025"
"2953","Wardrobes","https://media.joomeo.com/large/68a813746a29e.jpg",,,"Nairobi, Kenya","2025"
"2954","Wardrobes","https://media.joomeo.com/large/68a8138235478.jpg",,,"Nairobi, Kenya","2025"
"2955","Wardrobes","https://media.joomeo.com/large/68a813f951948.jpg",,,"Nairobi, Kenya","2025"
"2956","Wardrobes","https://media.joomeo.com/large/68a8140d780f0.jpg",,,"Nairobi, Kenya","2025"
"2957","Wardrobes","https://media.joomeo.com/large/68a8142dc36a5.jpg",,,"Nairobi, Kenya","2025"
"2958","Wardrobes","https://media.joomeo.com/large/68a8143cda920.jpg",,,"Nairobi, Kenya","2025"
"2959","Wardrobes","https://media.joomeo.com/large/68a814547a967.jpg",,,"Nairobi, Kenya","2025"
"2960","Wardrobes","https://media.joomeo.com/large/68a8146ccabab.jpg",,,"Nairobi, Kenya","2025"
"2961","Wardrobes","https://media.joomeo.com/large/68a8148ea4ecf.jpg",,,"Nairobi, Kenya","2025"
"2962","Wardrobes","https://media.joomeo.com/large/68a814a3f1606.jpg",,,"Nairobi, Kenya","2025"
"2963","Wardrobes","https://media.joomeo.com/large/68a814b2d4c4e.jpg",,,"Nairobi, Kenya","2025"
"2964","Wardrobes","https://media.joomeo.com/large/68a814c6778d4.jpg",,,"Nairobi, Kenya","2025"
"2965","Wardrobes","https://media.joomeo.com/large/68a814e0bc3bf.jpg",,,"Nairobi, Kenya","2025"
"2966","Wardrobes","https://media.joomeo.com/large/68a814ecd9890.jpg",,,"Nairobi, Kenya","2025"
"2967","Kitchens","https://media.joomeo.com/large/68a8155042350.jpg",,,"Nairobi, Kenya","2025"
"2968","Kitchens","https://media.joomeo.com/large/68a8155c92fa9.jpg",,,"Nairobi, Kenya","2025"
"2969","Kitchens","https://media.joomeo.com/large/68a815663bd8d.jpg",,,"Nairobi, Kenya","2025"
"2970","Kitchens","https://media.joomeo.com/large/68a815777e557.jpg",,,"Nairobi, Kenya","2025"
"2971","Kitchens","https://media.joomeo.com/large/68a81589487f5.jpg",,,"Nairobi, Kenya","2025"
"2972","Kitchens","https://media.joomeo.com/large/68a811f26b4a0.jpg",,,"Nairobi, Kenya","2025"
"2973","Kitchens","https://media.joomeo.com/large/68a815b8b8ee8.jpg",,,"Nairobi, Kenya","2025"
"2974","Kitchens","https://media.joomeo.com/large/68a815cef364a.jpg",,,"Nairobi, Kenya","2025"
"2975","Kitchens","https://media.joomeo.com/large/68a815da78c83.jpg",,,"Nairobi, Kenya","2025"
"2976","Kitchens","https://media.joomeo.com/large/68a815e64fcac.jpg",,,"Nairobi, Kenya","2025"
"2977","Kitchens","https://media.joomeo.com/large/68a8160613dca.jpg",,,"Nairobi, Kenya","2025"
"2978","Kitchens","https://media.joomeo.com/large/68a81617bd644.jpg",,,"Nairobi, Kenya","2025"
"2979","Kitchens","https://media.joomeo.com/large/68a8162e29ee0.jpg",,,"Nairobi, Kenya","2025"
"2980","Kitchens","https://media.joomeo.com/large/68a8163a22383.jpg",,,"Nairobi, Kenya","2025"
"2981","Kitchens","https://media.joomeo.com/large/68a816467aa4d.jpg",,,"Nairobi, Kenya","2025"
"2982","Kitchens","https://media.joomeo.com/large/68a8165240945.jpg",,,"Nairobi, Kenya","2025"
"2983","Kitchens","https://media.joomeo.com/large/68a8166023209.jpg",,,"Nairobi, Kenya","2025"
"2984","Kitchens","https://media.joomeo.com/large/68a8166cc77eb.jpg",,,"Nairobi, Kenya","2025"
"2985","Kitchens","https://media.joomeo.com/large/68a81681e3ecd.jpg",,,"Nairobi, Kenya","2025"
"2986","Kitchens","https://media.joomeo.com/large/68a816926db94.jpg",,,"Nairobi, Kenya","2025"
"2987","Kitchens","https://media.joomeo.com/large/68a8169fefe5d.jpg",,,"Nairobi, Kenya","2025"
"2988","Kitchens","https://media.joomeo.com/large/68a816bdb0acf.jpg",,,"Nairobi, Kenya","2025"
"2989","Kitchens","https://media.joomeo.com/large/68a816cb70805.jpg",,,"Nairobi, Kenya","2025"
"2990","Kitchens","https://media.joomeo.com/large/68a816dc39360.jpg",,,"Nairobi, Kenya","2025"
"2991","Kitchens","https://media.joomeo.com/large/68a8171c27e4b.jpg",,,"Nairobi, Kenya","2025"
"2992","Kitchens","https://media.joomeo.com/large/68a81728b959b.jpg",,,"Nairobi, Kenya","2025"
"2993","Kitchens","https://media.joomeo.com/large/68a81738c5e25.jpg",,,"Nairobi, Kenya","2025"
"2994","Kitchens","https://media.joomeo.com/large/68a81755a895e.jpg",,,"Nairobi, Kenya","2025"
"2995","Kitchens","https://media.joomeo.com/large/68a81767b1dd4.jpg",,,"Nairobi, Kenya","2025"
"2996","Kitchens","https://media.joomeo.com/large/68a8ba830596f.jpg",,,"Nairobi, Kenya","2025"
"2997","Floors & Ceilings","https://media.joomeo.com/large/68a811763e34b.jpg",,,"Nairobi, Kenya","2025"
"2998","Floors & Ceilings","https://media.joomeo.com/large/68a8118201f98.jpg",,,"Nairobi, Kenya","2025"
"2999","Floors & Ceilings","https://media.joomeo.com/large/68a8118dd591e.jpg",,,"Nairobi, Kenya","2025"
"3000","Floors & Ceilings","https://media.joomeo.com/large/68a8119995601.jpg",,,"Nairobi, Kenya","2025"
"3001","Floors & Ceilings","https://media.joomeo.com/large/68a811abcde20.jpg",,,"Nairobi, Kenya","2025"
"3002","Floors & Ceilings","https://media.joomeo.com/large/68a811f26b4a0.jpg",,,"Nairobi, Kenya","2025"
"3004","Floors & Ceilings","https://media.joomeo.com/large/68a812e8d7e69.jpg",,,"Nairobi, Kenya","2025"
"3005","Floors & Ceilings","https://media.joomeo.com/large/68a8bc74ba17f.jpg",,,"Nairobi, Kenya","2025"
"3006","Floors & Ceilings","https://media.joomeo.com/large/68a8bc90b1c0b.jpg",,,"Nairobi, Kenya","2025"
"3007","Floors & Ceilings","https://media.joomeo.com/large/68a8bcc38b8cb.jpg",,,"Nairobi, Kenya","2025"
"3008","Floors & Ceilings","https://media.joomeo.com/large/68a8bcddd9333.jpg",,,"Nairobi, Kenya","2025"
"3009","Floors & Ceilings","https://media.joomeo.com/large/68a8bcfe1d3f1.jpg",,,"Nairobi, Kenya","2025"
"3010","Floors & Ceilings","https://media.joomeo.com/large/68a8bd20b37fc.jpg",,,"Nairobi, Kenya","2025"
"3011","Floors & Ceilings","https://media.joomeo.com/large/68a8bd35357a6.jpg",,,"Nairobi, Kenya","2025"
"3012","Stairs","https://media.joomeo.com/large/68a8bde1b2012.jpg",,,"Nairobi, Kenya","2025"
"3013","Stairs","https://media.joomeo.com/large/68a8bdf5aa482.jpg",,,"Nairobi, Kenya","2025"
"3014","Stairs","https://media.joomeo.com/large/68a8be1d8f3a0.jpg",,,"Nairobi, Kenya","2025"
"3015","Stairs","https://media.joomeo.com/large/68d6470a213e1.jpg",,,"Nairobi, Kenya","2025"
"3016","Gazebo, Gypsum & Painting","https://media.joomeo.com/large/68d6557c1d121.jpg",,,"Nairobi, Kenya","2025"
"3017","Floors & Ceilings","https://media.joomeo.com/large/68d64783b8531.jpg",,,"Nairobi, Kenya","2025"
"3018","Stairs","https://media.joomeo.com/large/68d655d66d866.jpg",,,"Nairobi, Kenya","2025"
"3019","Stairs","https://media.joomeo.com/large/68d6471723a43.jpg",,,"Nairobi, Kenya","2025"
"3020","Doors & Door Frames","https://media.joomeo.com/large/68d659c4873fa.jpg",,,"Nairobi, Kenya","2025"
"3021","Kitchens","https://media.joomeo.com/large/68d65a1b4edc8.jpg",,,"Nairobi, Kenya","2025"
"3022","Kitchens","https://media.joomeo.com/large/68d65a686c50a.jpg",,,"Nairobi, Kenya","2025"
"3023","Kitchens","https://media.joomeo.com/large/68d65ab804a81.jpg",,,"Nairobi, Kenya","2025"
"3024","Kitchens","https://media.joomeo.com/large/68d65aed19fe9.jpg",,,"Nairobi, Kenya","2025"